{"epoch": 2, "loss": 0.0009665384219716425, "epoch_time": 163.19384670257568, "_timestamp": 1745619125.9324684, "_runtime": 352.39464139938354, "_step": 1}